,Hour,DHI,DNI,GHI,Clearsky DHI,Clearsky DNI,Dew Point,Temp,Pressure,Relative Humidity,Solar Zenith Angle,Precipitable Water,Wind Direction,Wind Speed
Hour,1,,,,,,,,,,,,,
DHI,0.085727549,1,,,,,,,,,,,,
DNI,0.069697644,0.72803084,1,,,,,,,,,,,
GHI,0.079493474,0.903493994,0.922309296,1,,,,,,,,,,
Clearsky DHI,0.090963508,0.9762101,0.763421647,0.918054024,1,,,,,,,,,
Clearsky DNI,0.090855171,0.863003783,0.929751689,0.931934725,0.861557264,1,,,,,,,,
Dew Point,-0.044437395,0.132037717,-0.181017953,-0.017027213,0.12394161,-0.109166274,1,,,,,,,
Temperature,0.305738138,0.691152529,0.573196658,0.694280342,0.718517437,0.602527227,0.316573792,1,,,,,,
Pressure,-0.037841972,-0.20083646,0.167994771,-0.037399036,-0.213698102,0.088810205,-0.782513395,-0.475874807,1,,,,,
Relative Humidity,-0.2147547,-0.187576879,-0.408775668,-0.313338871,-0.202288265,-0.354401227,0.860665522,-0.091804459,-0.630801839,1,,,,
Solar Zenith Angle,-0.162491922,-0.882609245,-0.758602584,-0.860469914,-0.896240658,-0.854601764,-0.123976944,-0.690973275,0.179744594,0.166114529,1,,,
Precipitable Water,0.009264421,0.176728561,-0.175770048,0.005403289,0.170480526,-0.066313399,0.869970128,0.284345399,-0.811589372,0.802493222,-0.167724171,1,,
Wind Direction,0.096939527,0.120790235,0.004065911,0.071275849,0.126507196,0.026770448,0.413249248,0.316461637,-0.408051707,0.299300733,-0.15609517,0.319886676,1,
Wind Speed,0.048591483,-0.110317425,-0.319145896,-0.207962804,-0.099637201,-0.298881062,0.326965608,-0.020204251,-0.389428677,0.315298088,0.158384228,0.307696595,0.109526247,1
